Proxy,Type,Country,Latency (s),Speed (B/s),Status
62.33.53.248:3128,HTTP,Russia,3.9605,0.00,WORKING
91.107.154.214:80,Unknown,DE,13.8170,52.00,WORKING
176.105.220.74:3129,Unknown,UA,47.3740,101.00,WORKING
217.144.187.208:8118,Unknown,DE,7.4870,394.00,WORKING
49.4.117.146:3128,Unknown,CN,176.1760,405.00,WORKING
58.243.224.244:8085,Unknown,China,4.5960,0.00,WORKING
178.165.42.166:3128,Unknown,UA,37.9790,416.00,WORKING
36.37.224.125:8080,Unknown,KH,233.4980,470.00,WORKING
207.180.234.234:3128,Unknown,DE,6.7970,480.00,WORKING
43.156.12.51:8080,Unknown,SG,310.3850,635.00,WORKING
47.74.226.8:5001,Unknown,SG,244.1900,712.00,WORKING
49.0.87.62:8080,Unknown,TH,206.8060,824.00,WORKING
61.174.243.28:10916,Unknown,CN,231.2020,984.00,WORKING
72.10.160.173:12841,Unknown,CA,93.2050,1509.00,WORKING
116.203.7.46:8080,Unknown,DE,101.2480,1986.00,WORKING
69.49.228.101:3128,Unknown,US,99.8400,2094.00,WORKING
162.223.90.130:80,Unknown,US,103.0920,2098.00,WORKING
67.43.227.226:15987,Unknown,CA,101.9710,2222.00,WORKING
45.92.177.60:8080,Unknown,CN,36.8890,2417.00,WORKING
139.9.116.150:8520,Unknown,CN,166.8550,2578.00,WORKING
62.33.53.248:3128,Unknown,RU,45.0170,2598.00,WORKING
101.255.118.9:3127,Unknown,ID,173.9160,2677.00,WORKING
67.43.228.251:23275,Unknown,CA,92.5950,2690.00,WORKING
103.219.75.2:8080,Unknown,ID,253.6350,2721.00,WORKING
61.8.70.118:2024,Unknown,ID,787.6780,2771.00,WORKING
67.43.227.227:29577,Unknown,CA,102.9880,2772.00,WORKING
103.97.140.159:8181,Unknown,ID,174.4720,2800.00,WORKING
43.163.96.95:3128,Unknown,SG,308.0700,2804.00,WORKING
182.253.6.236:8080,Unknown,ID,170.2140,2811.00,WORKING
116.58.239.6:8080,Unknown,TH,198.3410,2995.00,WORKING
159.203.61.169:8080,Unknown,CA,102.4400,3002.00,WORKING
198.49.68.80:80,HTTP,United States,3.1485,0.00,WORKING
200.110.173.17:999,Unknown,CO,175.1910,3089.00,WORKING
119.252.251.81:3128,Unknown,CN,243.0040,3094.00,WORKING
223.205.186.103:8080,Unknown,TH,188.6510,3189.00,WORKING
81.169.213.169:8888,Unknown,DE,16.1280,3214.00,WORKING
142.93.202.130:3128,Unknown,US,91.5460,3294.00,WORKING
139.9.63.116:3128,Unknown,CN,251.6660,3305.00,WORKING
178.251.111.18:8080,Unknown,UA,43.7060,3416.00,WORKING
81.62.179.218:5472,Unknown,CH,17.7060,3420.00,WORKING
212.123.230.250:8181,Unknown,NL,13.7150,3421.00,WORKING
103.245.205.226:6969,Unknown,BD,180.7140,3487.00,WORKING
159.65.230.46:8888,Unknown,US,92.9800,3614.00,WORKING
47.56.110.204:8989,Unknown,HK,313.9110,3669.00,WORKING
72.10.160.170:8457,Unknown,CA,96.1080,3673.00,WORKING
139.162.163.203:8123,Unknown,DE,3.2790,3723.00,WORKING
62.101.137.150:8080,Unknown,RS,22.9210,3878.00,WORKING
72.10.160.172:4439,Unknown,CA,92.6760,3878.00,WORKING
38.156.73.51:8080,Unknown,TR,62.5680,3990.00,WORKING
221.167.81.122:3120,Unknown,KR,270.8940,3998.00,WORKING
36.151.194.43:8087,Unknown,CN,313.9580,4002.00,WORKING
89.110.78.230:80,Unknown,UA,10.6670,4072.00,WORKING
103.19.59.168:1080,Unknown,ID,181.5800,4087.00,WORKING
185.151.151.166:3128,Unknown,SY,91.0570,4102.00,WORKING
83.219.145.106:3128,Unknown,RU,61.3450,4180.00,WORKING
43.156.59.228:80,Unknown,SG,314.5840,4208.00,WORKING
79.121.102.227:8080,Unknown,HU,22.5060,4285.00,WORKING
196.204.83.237:1976,Unknown,EG,66.8240,4299.00,WORKING
212.98.139.70:8080,Unknown,LB,85.3220,4423.00,WORKING
94.249.220.135:49200,Unknown,DE,11.2190,4490.00,WORKING
41.220.138.246:8040,Unknown,TZ,318.1590,4499.00,WORKING
180.190.200.77:8082,Unknown,PH,280.2230,4603.00,WORKING
209.141.54.136:5555,Unknown,US,145.7220,4790.00,WORKING
67.43.227.228:14337,Unknown,CA,95.8260,4929.00,WORKING
60.188.102.225:18080,Unknown,CN,230.3970,4979.00,WORKING
58.187.175.215:16000,Unknown,VN,377.7950,5000.00,WORKING
188.166.229.121:80,Unknown,SG,178.0760,5001.00,WORKING
27.79.239.226:16000,Unknown,VN,405.0760,5001.00,WORKING
58.243.224.244:8085,Unknown,CN,203.1270,5001.00,WORKING
188.117.108.68:3128,Unknown,SA,261.1650,5001.00,WORKING
36.77.217.161:8081,Unknown,ID,252.3790,5002.00,WORKING
188.117.108.66:3128,Unknown,SA,213.9060,5002.00,WORKING
222.68.38.14:1080,Unknown,CN,226.5300,5002.00,WORKING
222.68.37.112:1080,Unknown,CN,230.9710,5002.00,WORKING
218.1.197.78:2324,Unknown,CN,242.2700,5002.00,WORKING
27.79.180.48:16000,Unknown,VN,299.2500,5003.00,WORKING
118.113.247.163:2324,Unknown,CN,281.1730,5003.00,WORKING
36.136.27.2:4999,Unknown,CN,278.4800,5007.00,WORKING
47.245.117.43:80,Unknown,SG,244.1300,5027.00,WORKING
27.76.131.181:5104,Unknown,VN,289.4210,5107.00,WORKING
139.59.1.14:80,Unknown,IN,160.7020,5109.00,WORKING
178.16.130.81:80,Unknown,FR,7.8070,5110.00,WORKING
61.164.204.130:4999,Unknown,CN,219.7240,5188.00,WORKING
171.41.128.4:2324,Unknown,CN,247.7340,5195.00,WORKING
103.24.213.141:8090,Unknown,ID,182.1300,5203.00,WORKING
27.189.133.76:8089,Unknown,CN,255.4250,5229.00,WORKING
58.33.109.114:2021,Unknown,CN,228.8600,5273.00,WORKING
159.65.221.25:80,Unknown,US,88.2480,5309.00,WORKING
162.214.165.203:80,Unknown,US,134.0700,5380.00,WORKING
103.97.140.76:8080,Unknown,ID,171.6670,5412.00,WORKING
121.224.156.149:8089,Unknown,CN,229.0660,5472.00,WORKING
46.64.137.233:80,Unknown,GB,22.2480,5485.00,WORKING
85.30.219.207:80,Unknown,RU,44.4820,5488.00,WORKING
198.49.68.80:80,Unknown,US,138.9810,5524.00,WORKING
216.229.112.25:8080,Unknown,US,127.7720,5681.00,WORKING
65.108.203.37:28080,Unknown,FI,35.9150,5686.00,WORKING
198.12.85.213:80,Unknown,US,98.5030,5698.00,WORKING
114.229.213.210:8089,Unknown,CN,228.9890,5702.00,WORKING
222.68.38.115:1080,Unknown,CN,220.8500,5705.00,WORKING
58.209.137.156:8089,Unknown,CN,235.3800,5791.00,WORKING
111.132.16.13:3389,Unknown,CN,390.6200,5795.00,WORKING
111.132.16.238:3389,Unknown,CN,347.9850,5797.00,WORKING
117.68.110.16:9443,Unknown,CN,225.1970,5812.00,WORKING
3.19.149.95:80,HTTP,United States,0.4609,0.00,WORKING
51.91.237.124:8080,HTTP,France,0.4236,0.00,WORKING
80.249.112.165:80,HTTP,Iran,4.6337,0.00,WORKING
47.251.87.199:9098,Unknown,United States,2.5119,0.00,WORKING
62.33.53.248:3128,HTTP,Russia,2.5449,0.00,WORKING
8.220.204.215:8080,HTTP,South Korea,2.2895,0.00,WORKING
54.37.214.253:8080,HTTP,France,3.2259,0.00,WORKING
8.211.195.173:8080,HTTP,United Kingdom,4.0524,0.00,WORKING
8.213.195.191:8008,Unknown,Thailand,2.1876,0.00,WORKING
47.250.11.111:80,HTTP,Malaysia,2.3351,0.00,WORKING
8.212.165.164:1080,SOCKS5,Philippines,2.3637,0.00,WORKING
8.220.204.215:8000,Unknown,South Korea,2.2948,0.00,WORKING
8.212.165.164:37,Unknown,Philippines,2.2080,0.00,WORKING
8.211.194.85:808,Unknown,United Kingdom,5.4517,0.00,WORKING
8.211.194.85:8080,HTTP,United Kingdom,5.2083,0.00,WORKING
47.251.73.54:808,Unknown,United States,2.5974,0.00,WORKING
47.251.73.54:11,Unknown,United States,2.4985,0.00,WORKING
219.135.229.197:7890,HTTP,China,4.7779,0.00,WORKING
113.195.172.194:655,HTTP,China,3.5452,0.00,WORKING
79.127.158.225:8081,Unknown,Japan,2.1408,0.00,WORKING
201.186.41.108:999,Unknown,Chile,4.5552,0.00,WORKING
8.212.168.170:443,HTTPS,Philippines,2.2110,0.00,WORKING
45.55.64.33:3128,HTTP,United States,4.1647,0.00,WORKING
81.169.213.169:8888,HTTP,Germany,2.0536,0.00,WORKING
8.215.15.163:1080,SOCKS5,Indonesia,2.1866,0.00,WORKING
8.220.136.174:3128,HTTP,Philippines,2.2163,0.00,WORKING
8.220.205.172:11443,Unknown,South Korea,2.2891,0.00,WORKING
188.117.108.66:3128,HTTP,Saudi Arabia,2.3327,0.00,WORKING
8.215.15.163:6379,Unknown,Indonesia,2.1667,0.00,WORKING
47.90.149.238:202,Unknown,United States,4.5315,0.00,WORKING
117.74.65.207:443,HTTPS,China,2.7201,0.00,WORKING
113.108.13.120:4433,Unknown,China,4.8248,0.00,WORKING
47.243.50.83:8082,Unknown,Hong Kong,4.2045,0.00,WORKING
8.220.204.92:8008,Unknown,South Korea,4.5131,0.00,WORKING
47.237.92.86:86,Unknown,Singapore,2.1263,0.00,WORKING
8.213.197.208:8080,HTTP,Thailand,4.1906,0.00,WORKING
39.104.23.154:8443,Unknown,China,2.8247,0.00,WORKING
8.213.134.213:8080,HTTP,South Korea,4.3202,0.00,WORKING
47.122.31.59:8080,HTTP,China,2.8331,0.00,WORKING
39.102.208.23:9080,Unknown,China,2.8098,0.00,WORKING
8.211.42.167:3128,HTTP,Germany,2.3028,0.00,WORKING
8.213.197.208:80,HTTP,Thailand,2.1836,0.00,WORKING
47.122.56.158:3128,HTTP,China,2.8319,0.00,WORKING
43.156.12.51:8080,N/A,N/A,N/A,N/A,FAILED
47.74.226.8:5001,N/A,N/A,N/A,N/A,FAILED
207.180.234.234:3128,N/A,N/A,N/A,N/A,FAILED
72.10.160.173:12841,N/A,N/A,N/A,N/A,FAILED
67.43.227.226:15987,N/A,N/A,N/A,N/A,FAILED
69.49.228.101:3128,N/A,N/A,N/A,N/A,FAILED
67.43.228.251:23275,N/A,N/A,N/A,N/A,FAILED
217.144.187.208:8118,N/A,N/A,N/A,N/A,FAILED
91.107.154.214:80,N/A,N/A,N/A,N/A,FAILED
67.43.227.227:29577,N/A,N/A,N/A,N/A,FAILED
162.223.90.130:80,N/A,N/A,N/A,N/A,FAILED
139.9.116.150:8520,N/A,N/A,N/A,N/A,FAILED
45.92.177.60:8080,N/A,N/A,N/A,N/A,FAILED
119.252.251.81:3128,N/A,N/A,N/A,N/A,FAILED
81.169.213.169:8888,N/A,N/A,N/A,N/A,FAILED
159.203.61.169:8080,N/A,N/A,N/A,N/A,FAILED
142.93.202.130:3128,N/A,N/A,N/A,N/A,FAILED
178.165.42.166:3128,N/A,N/A,N/A,N/A,FAILED
36.37.224.125:8080,N/A,N/A,N/A,N/A,FAILED
176.105.220.74:3129,N/A,N/A,N/A,N/A,FAILED
49.0.87.62:8080,N/A,N/A,N/A,N/A,FAILED
61.174.243.28:10916,N/A,N/A,N/A,N/A,FAILED
116.203.7.46:8080,N/A,N/A,N/A,N/A,FAILED
101.255.118.9:3127,N/A,N/A,N/A,N/A,FAILED
103.219.75.2:8080,N/A,N/A,N/A,N/A,FAILED
61.8.70.118:2024,N/A,N/A,N/A,N/A,FAILED
72.10.160.170:8457,N/A,N/A,N/A,N/A,FAILED
72.10.160.172:4439,N/A,N/A,N/A,N/A,FAILED
43.163.96.95:3128,N/A,N/A,N/A,N/A,FAILED
103.97.140.159:8181,N/A,N/A,N/A,N/A,FAILED
139.162.163.203:8123,N/A,N/A,N/A,N/A,FAILED
116.58.239.6:8080,N/A,N/A,N/A,N/A,FAILED
182.253.6.236:8080,N/A,N/A,N/A,N/A,FAILED
159.65.230.46:8888,N/A,N/A,N/A,N/A,FAILED
200.110.173.17:999,N/A,N/A,N/A,N/A,FAILED
89.110.78.230:80,N/A,N/A,N/A,N/A,FAILED
47.56.110.204:8989,N/A,N/A,N/A,N/A,FAILED
79.121.102.227:8080,N/A,N/A,N/A,N/A,FAILED
223.205.186.103:8080,N/A,N/A,N/A,N/A,FAILED
41.220.138.246:8040,N/A,N/A,N/A,N/A,FAILED
67.43.227.228:14337,N/A,N/A,N/A,N/A,FAILED
49.4.117.146:3128,N/A,N/A,N/A,N/A,FAILED
178.251.111.18:8080,N/A,N/A,N/A,N/A,FAILED
81.62.179.218:5472,N/A,N/A,N/A,N/A,FAILED
58.187.175.215:16000,N/A,N/A,N/A,N/A,FAILED
209.141.54.136:5555,N/A,N/A,N/A,N/A,FAILED
188.117.108.68:3128,N/A,N/A,N/A,N/A,FAILED
103.19.59.168:1080,N/A,N/A,N/A,N/A,FAILED
36.77.217.161:8081,N/A,N/A,N/A,N/A,FAILED
212.123.230.250:8181,N/A,N/A,N/A,N/A,FAILED
222.68.38.14:1080,N/A,N/A,N/A,N/A,FAILED
188.117.108.66:3128,N/A,N/A,N/A,N/A,FAILED
103.245.205.226:6969,N/A,N/A,N/A,N/A,FAILED
222.68.37.112:1080,N/A,N/A,N/A,N/A,FAILED
62.101.137.150:8080,N/A,N/A,N/A,N/A,FAILED
38.156.73.51:8080,N/A,N/A,N/A,N/A,FAILED
36.151.194.43:8087,N/A,N/A,N/A,N/A,FAILED
185.151.151.166:3128,N/A,N/A,N/A,N/A,FAILED
83.219.145.106:3128,N/A,N/A,N/A,N/A,FAILED
118.113.247.163:2324,N/A,N/A,N/A,N/A,FAILED
43.156.59.228:80,N/A,N/A,N/A,N/A,FAILED
196.204.83.237:1976,N/A,N/A,N/A,N/A,FAILED
27.76.131.181:5104,N/A,N/A,N/A,N/A,FAILED
47.245.117.43:80,N/A,N/A,N/A,N/A,FAILED
212.98.139.70:8080,N/A,N/A,N/A,N/A,FAILED
94.249.220.135:49200,N/A,N/A,N/A,N/A,FAILED
139.59.1.14:80,N/A,N/A,N/A,N/A,FAILED
180.190.200.77:8082,N/A,N/A,N/A,N/A,FAILED
139.9.63.116:3128,N/A,N/A,N/A,N/A,FAILED
121.224.156.149:8089,N/A,N/A,N/A,N/A,FAILED
60.188.102.225:18080,N/A,N/A,N/A,N/A,FAILED
188.166.229.121:80,N/A,N/A,N/A,N/A,FAILED
27.79.239.226:16000,N/A,N/A,N/A,N/A,FAILED
36.136.27.2:4999,N/A,N/A,N/A,N/A,FAILED
198.12.85.213:80,N/A,N/A,N/A,N/A,FAILED
221.167.81.122:3120,N/A,N/A,N/A,N/A,FAILED
65.108.203.37:28080,N/A,N/A,N/A,N/A,FAILED
58.209.137.156:8089,N/A,N/A,N/A,N/A,FAILED
111.132.16.13:3389,N/A,N/A,N/A,N/A,FAILED
111.132.16.238:3389,N/A,N/A,N/A,N/A,FAILED
218.1.197.78:2324,N/A,N/A,N/A,N/A,FAILED
27.79.180.48:16000,N/A,N/A,N/A,N/A,FAILED
61.164.204.130:4999,N/A,N/A,N/A,N/A,FAILED
178.16.130.81:80,N/A,N/A,N/A,N/A,FAILED
103.24.213.141:8090,N/A,N/A,N/A,N/A,FAILED
171.41.128.4:2324,N/A,N/A,N/A,N/A,FAILED
91.107.154.214:80,N/A,N/A,N/A,N/A,FAILED
58.33.109.114:2021,N/A,N/A,N/A,N/A,FAILED
27.189.133.76:8089,N/A,N/A,N/A,N/A,FAILED
207.180.234.234:3128,N/A,N/A,N/A,N/A,FAILED
43.156.12.51:8080,N/A,N/A,N/A,N/A,FAILED
47.74.226.8:5001,N/A,N/A,N/A,N/A,FAILED
162.214.165.203:80,N/A,N/A,N/A,N/A,FAILED
159.65.221.25:80,N/A,N/A,N/A,N/A,FAILED
103.97.140.76:8080,N/A,N/A,N/A,N/A,FAILED
72.10.160.173:12841,N/A,N/A,N/A,N/A,FAILED
69.49.228.101:3128,N/A,N/A,N/A,N/A,FAILED
67.43.227.226:15987,N/A,N/A,N/A,N/A,FAILED
46.64.137.233:80,N/A,N/A,N/A,N/A,FAILED
217.144.187.208:8118,N/A,N/A,N/A,N/A,FAILED
85.30.219.207:80,N/A,N/A,N/A,N/A,FAILED
45.92.177.60:8080,N/A,N/A,N/A,N/A,FAILED
67.43.228.251:23275,N/A,N/A,N/A,N/A,FAILED
162.223.90.130:80,N/A,N/A,N/A,N/A,FAILED
67.43.227.227:29577,N/A,N/A,N/A,N/A,FAILED
216.229.112.25:8080,N/A,N/A,N/A,N/A,FAILED
139.9.116.150:8520,N/A,N/A,N/A,N/A,FAILED
159.203.61.169:8080,N/A,N/A,N/A,N/A,FAILED
114.229.213.210:8089,N/A,N/A,N/A,N/A,FAILED
222.68.38.115:1080,N/A,N/A,N/A,N/A,FAILED
119.252.251.81:3128,N/A,N/A,N/A,N/A,FAILED
81.169.213.169:8888,N/A,N/A,N/A,N/A,FAILED
142.93.202.130:3128,N/A,N/A,N/A,N/A,FAILED
101.255.118.9:3127,N/A,N/A,N/A,N/A,FAILED
178.165.42.166:3128,N/A,N/A,N/A,N/A,FAILED
176.105.220.74:3129,N/A,N/A,N/A,N/A,FAILED
36.37.224.125:8080,N/A,N/A,N/A,N/A,FAILED
117.68.110.16:9443,N/A,N/A,N/A,N/A,FAILED
49.0.87.62:8080,N/A,N/A,N/A,N/A,FAILED
61.174.243.28:10916,N/A,N/A,N/A,N/A,FAILED
116.203.7.46:8080,N/A,N/A,N/A,N/A,FAILED
72.10.160.170:8457,N/A,N/A,N/A,N/A,FAILED
159.65.230.46:8888,N/A,N/A,N/A,N/A,FAILED
103.219.75.2:8080,N/A,N/A,N/A,N/A,FAILED
72.10.160.172:4439,N/A,N/A,N/A,N/A,FAILED
47.56.110.204:8989,N/A,N/A,N/A,N/A,FAILED
61.8.70.118:2024,N/A,N/A,N/A,N/A,FAILED
103.97.140.159:8181,N/A,N/A,N/A,N/A,FAILED
43.163.96.95:3128,N/A,N/A,N/A,N/A,FAILED
182.253.6.236:8080,N/A,N/A,N/A,N/A,FAILED
116.58.239.6:8080,N/A,N/A,N/A,N/A,FAILED
89.110.78.230:80,N/A,N/A,N/A,N/A,FAILED
200.110.173.17:999,N/A,N/A,N/A,N/A,FAILED
49.4.117.146:3128,N/A,N/A,N/A,N/A,FAILED
79.121.102.227:8080,N/A,N/A,N/A,N/A,FAILED
139.162.163.203:8123,N/A,N/A,N/A,N/A,FAILED
223.205.186.103:8080,N/A,N/A,N/A,N/A,FAILED
41.220.138.246:8040,N/A,N/A,N/A,N/A,FAILED
67.43.227.228:14337,N/A,N/A,N/A,N/A,FAILED
139.9.63.116:3128,N/A,N/A,N/A,N/A,FAILED
178.251.111.18:8080,N/A,N/A,N/A,N/A,FAILED
81.62.179.218:5472,N/A,N/A,N/A,N/A,FAILED
62.33.53.248:3128,N/A,N/A,N/A,N/A,FAILED
103.245.205.226:6969,N/A,N/A,N/A,N/A,FAILED
212.123.230.250:8181,N/A,N/A,N/A,N/A,FAILED
36.77.217.161:8081,N/A,N/A,N/A,N/A,FAILED
62.101.137.150:8080,N/A,N/A,N/A,N/A,FAILED
38.156.73.51:8080,N/A,N/A,N/A,N/A,FAILED
222.68.38.14:1080,N/A,N/A,N/A,N/A,FAILED
188.117.108.68:3128,N/A,N/A,N/A,N/A,FAILED
36.151.194.43:8087,N/A,N/A,N/A,N/A,FAILED
188.117.108.66:3128,N/A,N/A,N/A,N/A,FAILED
103.19.59.168:1080,N/A,N/A,N/A,N/A,FAILED
185.151.151.166:3128,N/A,N/A,N/A,N/A,FAILED
83.219.145.106:3128,N/A,N/A,N/A,N/A,FAILED
222.68.37.112:1080,N/A,N/A,N/A,N/A,FAILED
43.156.59.228:80,N/A,N/A,N/A,N/A,FAILED
139.59.1.14:80,N/A,N/A,N/A,N/A,FAILED
27.76.131.181:5104,N/A,N/A,N/A,N/A,FAILED
118.113.247.163:2324,N/A,N/A,N/A,N/A,FAILED
212.98.139.70:8080,N/A,N/A,N/A,N/A,FAILED
196.204.83.237:1976,N/A,N/A,N/A,N/A,FAILED
94.249.220.135:49200,N/A,N/A,N/A,N/A,FAILED
180.190.200.77:8082,N/A,N/A,N/A,N/A,FAILED
221.167.81.122:3120,N/A,N/A,N/A,N/A,FAILED
121.224.156.149:8089,N/A,N/A,N/A,N/A,FAILED
58.187.175.215:16000,N/A,N/A,N/A,N/A,FAILED
60.188.102.225:18080,N/A,N/A,N/A,N/A,FAILED
188.166.229.121:80,N/A,N/A,N/A,N/A,FAILED
85.30.219.207:80,N/A,N/A,N/A,N/A,FAILED
27.79.239.226:16000,N/A,N/A,N/A,N/A,FAILED
198.12.85.213:80,N/A,N/A,N/A,N/A,FAILED
209.141.54.136:5555,N/A,N/A,N/A,N/A,FAILED
65.108.203.37:28080,N/A,N/A,N/A,N/A,FAILED
58.243.224.244:8085,N/A,N/A,N/A,N/A,FAILED
58.209.137.156:8089,N/A,N/A,N/A,N/A,FAILED
111.132.16.13:3389,N/A,N/A,N/A,N/A,FAILED
111.132.16.238:3389,N/A,N/A,N/A,N/A,FAILED
218.1.197.78:2324,N/A,N/A,N/A,N/A,FAILED
27.79.180.48:16000,N/A,N/A,N/A,N/A,FAILED
45.92.177.60:8080,N/A,N/A,N/A,N/A,FAILED
36.136.27.2:4999,N/A,N/A,N/A,N/A,FAILED
47.245.117.43:80,N/A,N/A,N/A,N/A,FAILED
178.16.130.81:80,N/A,N/A,N/A,N/A,FAILED
216.229.112.25:8080,N/A,N/A,N/A,N/A,FAILED
61.164.204.130:4999,N/A,N/A,N/A,N/A,FAILED
171.41.128.4:2324,N/A,N/A,N/A,N/A,FAILED
103.24.213.141:8090,N/A,N/A,N/A,N/A,FAILED
159.65.221.25:80,N/A,N/A,N/A,N/A,FAILED
27.189.133.76:8089,N/A,N/A,N/A,N/A,FAILED
58.33.109.114:2021,N/A,N/A,N/A,N/A,FAILED
213.14.32.76:4153,N/A,N/A,N/A,N/A,FAILED
192.111.139.165:4145,N/A,N/A,N/A,N/A,FAILED
143.244.145.16:3128,N/A,N/A,N/A,N/A,FAILED
121.235.201.100:8089,N/A,N/A,N/A,N/A,FAILED
121.234.46.245:8089,N/A,N/A,N/A,N/A,FAILED
213.87.245.188:1080,N/A,N/A,N/A,N/A,FAILED
103.97.140.76:8080,N/A,N/A,N/A,N/A,FAILED
8.211.137.26:3389,N/A,N/A,N/A,N/A,FAILED
34.126.69.200:3000,N/A,N/A,N/A,N/A,FAILED
27.185.27.44:10020,N/A,N/A,N/A,N/A,FAILED
46.64.137.233:80,N/A,N/A,N/A,N/A,FAILED
47.90.167.27:9080,N/A,N/A,N/A,N/A,FAILED
198.49.68.80:80,N/A,N/A,N/A,N/A,FAILED
18.141.48.117:443,N/A,N/A,N/A,N/A,FAILED
52.2.115.152:8080,N/A,N/A,N/A,N/A,FAILED
72.10.160.90:23643,N/A,N/A,N/A,N/A,FAILED
66.42.224.229:41679,N/A,N/A,N/A,N/A,FAILED
114.229.213.210:8089,N/A,N/A,N/A,N/A,FAILED
222.68.38.115:1080,N/A,N/A,N/A,N/A,FAILED
49.67.128.152:1080,N/A,N/A,N/A,N/A,FAILED
138.186.222.129:5678,N/A,N/A,N/A,N/A,FAILED
162.214.165.203:80,N/A,N/A,N/A,N/A,FAILED
117.68.110.16:9443,N/A,N/A,N/A,N/A,FAILED
213.108.172.244:65056,N/A,N/A,N/A,N/A,FAILED
190.12.0.66:8080,N/A,N/A,N/A,N/A,FAILED
67.201.59.70:4145,N/A,N/A,N/A,N/A,FAILED
221.231.13.198:1080,N/A,N/A,N/A,N/A,FAILED
154.6.99.224:3128,N/A,N/A,N/A,N/A,FAILED
189.22.234.37:80,N/A,N/A,N/A,N/A,FAILED
121.224.231.182:8089,N/A,N/A,N/A,N/A,FAILED
208.87.243.199:7878,N/A,N/A,N/A,N/A,FAILED
154.201.38.20:3128,N/A,N/A,N/A,N/A,FAILED
35.71.150.105:8080,N/A,N/A,N/A,N/A,FAILED
114.231.74.191:8989,N/A,N/A,N/A,N/A,FAILED
119.3.113.151:9094,N/A,N/A,N/A,N/A,FAILED
105.213.169.10:5678,N/A,N/A,N/A,N/A,FAILED
36.64.27.123:5678,N/A,N/A,N/A,N/A,FAILED
8.211.170.7:3389,N/A,N/A,N/A,N/A,FAILED
27.189.135.113:8089,N/A,N/A,N/A,N/A,FAILED
218.77.183.214:5224,N/A,N/A,N/A,N/A,FAILED
72.10.160.172:12103,N/A,N/A,N/A,N/A,FAILED
188.117.108.67:3128,N/A,N/A,N/A,N/A,FAILED
141.11.103.136:8080,N/A,N/A,N/A,N/A,FAILED
114.229.213.219:8089,N/A,N/A,N/A,N/A,FAILED
125.87.87.159:2324,N/A,N/A,N/A,N/A,FAILED
110.137.24.126:8080,N/A,N/A,N/A,N/A,FAILED
67.43.236.18:13311,N/A,N/A,N/A,N/A,FAILED
77.77.210.90:21056,N/A,N/A,N/A,N/A,FAILED
103.183.8.242:8090,N/A,N/A,N/A,N/A,FAILED
23.82.137.161:80,N/A,N/A,N/A,N/A,FAILED
135.181.154.225:80,N/A,N/A,N/A,N/A,FAILED
98.181.137.80:4145,N/A,N/A,N/A,N/A,FAILED
107.180.88.173:50255,N/A,N/A,N/A,N/A,FAILED
94.120.211.82:8000,N/A,N/A,N/A,N/A,FAILED
120.28.137.232:8082,N/A,N/A,N/A,N/A,FAILED
27.189.130.107:8089,N/A,N/A,N/A,N/A,FAILED
8.213.137.155:56,N/A,N/A,N/A,N/A,FAILED
8.211.133.213:3389,N/A,N/A,N/A,N/A,FAILED
103.174.238.67:8080,N/A,N/A,N/A,N/A,FAILED
103.82.37.21:8888,N/A,N/A,N/A,N/A,FAILED
23.82.137.159:80,N/A,N/A,N/A,N/A,FAILED
114.224.142.204:8089,N/A,N/A,N/A,N/A,FAILED
45.236.105.138:999,N/A,N/A,N/A,N/A,FAILED
121.224.170.242:8089,N/A,N/A,N/A,N/A,FAILED
183.88.224.86:8080,N/A,N/A,N/A,N/A,FAILED
159.65.230.46:8888,N/A,N/A,N/A,N/A,FAILED
103.133.61.179:3127,N/A,N/A,N/A,N/A,FAILED
201.234.186.194:8081,N/A,N/A,N/A,N/A,FAILED
5.166.71.63:3128,N/A,N/A,N/A,N/A,FAILED
137.174.129.86:3128,N/A,N/A,N/A,N/A,FAILED
80.249.112.166:80,N/A,N/A,N/A,N/A,FAILED
103.172.42.175:1080,N/A,N/A,N/A,N/A,FAILED
186.97.192.60:999,N/A,N/A,N/A,N/A,FAILED
113.108.13.120:8083,N/A,N/A,N/A,N/A,FAILED
63.143.57.120:80,N/A,N/A,N/A,N/A,FAILED
180.191.20.208:8082,N/A,N/A,N/A,N/A,FAILED
111.1.61.47:3128,N/A,N/A,N/A,N/A,FAILED
202.97.173.152:5678,N/A,N/A,N/A,N/A,FAILED
192.145.228.226:8083,N/A,N/A,N/A,N/A,FAILED
190.103.177.131:80,N/A,N/A,N/A,N/A,FAILED
41.128.183.11:1976,N/A,N/A,N/A,N/A,FAILED
14.102.152.41:80,N/A,N/A,N/A,N/A,FAILED
46.252.35.91:8080,N/A,N/A,N/A,N/A,FAILED
51.89.21.99:50840,N/A,N/A,N/A,N/A,FAILED
196.219.202.74:8080,N/A,N/A,N/A,N/A,FAILED
114.229.213.199:8089,N/A,N/A,N/A,N/A,FAILED
79.127.158.225:8080,N/A,N/A,N/A,N/A,FAILED
67.43.228.252:28421,N/A,N/A,N/A,N/A,FAILED
165.16.58.124:8080,N/A,N/A,N/A,N/A,FAILED
103.78.25.99:5678,N/A,N/A,N/A,N/A,FAILED
203.172.227.33:8080,N/A,N/A,N/A,N/A,FAILED
103.153.247.118:8387,N/A,N/A,N/A,N/A,FAILED
64.233.212.194:8080,N/A,N/A,N/A,N/A,FAILED
72.195.34.58:4145,N/A,N/A,N/A,N/A,FAILED
121.232.181.181:8089,N/A,N/A,N/A,N/A,FAILED
162.223.90.130:80,N/A,N/A,N/A,N/A,FAILED
103.166.158.33:8080,N/A,N/A,N/A,N/A,FAILED
38.22.90.124:8888,N/A,N/A,N/A,N/A,FAILED
184.181.217.213:4145,N/A,N/A,N/A,N/A,FAILED
176.123.56.58:3629,N/A,N/A,N/A,N/A,FAILED
185.93.206.32:8080,N/A,N/A,N/A,N/A,FAILED
67.43.236.20:12833,N/A,N/A,N/A,N/A,FAILED
103.148.130.43:8080,N/A,N/A,N/A,N/A,FAILED
45.171.80.1:889,N/A,N/A,N/A,N/A,FAILED
181.78.82.210:999,N/A,N/A,N/A,N/A,FAILED
131.100.49.109:999,N/A,N/A,N/A,N/A,FAILED
222.127.227.102:8082,N/A,N/A,N/A,N/A,FAILED
190.52.100.176:999,N/A,N/A,N/A,N/A,FAILED
27.189.132.21:8089,N/A,N/A,N/A,N/A,FAILED
200.92.201.126:999,N/A,N/A,N/A,N/A,FAILED
91.107.186.37:80,N/A,N/A,N/A,N/A,FAILED
103.179.246.30:8080,N/A,N/A,N/A,N/A,FAILED
31.42.184.144:57752,N/A,N/A,N/A,N/A,FAILED
47.56.110.204:8990,N/A,N/A,N/A,N/A,FAILED
121.224.156.158:8089,N/A,N/A,N/A,N/A,FAILED
67.43.236.22:21879,N/A,N/A,N/A,N/A,FAILED
8.211.135.194:3389,N/A,N/A,N/A,N/A,FAILED
103.79.155.210:8080,N/A,N/A,N/A,N/A,FAILED
179.60.53.28:999,N/A,N/A,N/A,N/A,FAILED
103.85.12.184:1234,N/A,N/A,N/A,N/A,FAILED
27.74.247.173:8080,N/A,N/A,N/A,N/A,FAILED
103.171.194.52:83,N/A,N/A,N/A,N/A,FAILED
175.126.160.117:80,N/A,N/A,N/A,N/A,FAILED
106.75.226.193:8119,N/A,N/A,N/A,N/A,FAILED
182.253.181.10:8080,N/A,N/A,N/A,N/A,FAILED
37.114.47.73:47455,N/A,N/A,N/A,N/A,FAILED
117.74.65.207:264,N/A,N/A,N/A,N/A,FAILED
103.126.219.37:8080,N/A,N/A,N/A,N/A,FAILED
67.43.227.227:25221,N/A,N/A,N/A,N/A,FAILED
200.250.131.218:80,N/A,N/A,N/A,N/A,FAILED
131.100.50.149:999,N/A,N/A,N/A,N/A,FAILED
175.42.33.136:8119,N/A,N/A,N/A,N/A,FAILED
190.121.157.141:999,N/A,N/A,N/A,N/A,FAILED
98.64.128.182:3128,N/A,N/A,N/A,N/A,FAILED
8.209.208.99:3389,N/A,N/A,N/A,N/A,FAILED
180.191.20.5:8081,N/A,N/A,N/A,N/A,FAILED
182.71.12.186:8080,N/A,N/A,N/A,N/A,FAILED
189.231.222.146:999,N/A,N/A,N/A,N/A,FAILED
45.181.12.10:999,N/A,N/A,N/A,N/A,FAILED
37.211.134.214:8080,N/A,N/A,N/A,N/A,FAILED
114.224.142.88:8089,N/A,N/A,N/A,N/A,FAILED
83.1.213.1:8080,N/A,N/A,N/A,N/A,FAILED
202.61.204.51:80,N/A,N/A,N/A,N/A,FAILED
119.18.149.110:5020,N/A,N/A,N/A,N/A,FAILED
184.185.2.12:4145,N/A,N/A,N/A,N/A,FAILED
72.10.164.178:5419,N/A,N/A,N/A,N/A,FAILED
203.76.151.50:49200,N/A,N/A,N/A,N/A,FAILED
72.206.181.103:1080,N/A,N/A,N/A,N/A,FAILED
162.0.220.220:43934,N/A,N/A,N/A,N/A,FAILED
190.152.245.20:8080,N/A,N/A,N/A,N/A,FAILED
86.2.83.239:3128,N/A,N/A,N/A,N/A,FAILED
29.148.79.47:8081,N/A,N/A,N/A,N/A,FAILED
4.155.2.13:9401,N/A,N/A,N/A,N/A,FAILED
139.59.1.14:80,N/A,N/A,N/A,N/A,FAILED
186.224.225.82:42648,N/A,N/A,N/A,N/A,FAILED
70.166.167.55:57745,N/A,N/A,N/A,N/A,FAILED
178.66.110.237:8080,N/A,N/A,N/A,N/A,FAILED
89.46.249.254:60729,N/A,N/A,N/A,N/A,FAILED
190.7.57.84:8080,N/A,N/A,N/A,N/A,FAILED
77.242.30.9:8088,N/A,N/A,N/A,N/A,FAILED
135.148.19.251:25055,N/A,N/A,N/A,N/A,FAILED
85.208.114.131:8080,N/A,N/A,N/A,N/A,FAILED
49.84.175.73:8089,N/A,N/A,N/A,N/A,FAILED
103.162.54.250:8066,N/A,N/A,N/A,N/A,FAILED
121.235.202.100:8089,N/A,N/A,N/A,N/A,FAILED
112.78.131.6:8080,N/A,N/A,N/A,N/A,FAILED
48.9.167.254:51935,N/A,N/A,N/A,N/A,FAILED
210.246.200.135:3128,N/A,N/A,N/A,N/A,FAILED
103.38.54.64:82,N/A,N/A,N/A,N/A,FAILED
181.115.65.81:5678,N/A,N/A,N/A,N/A,FAILED
38.156.235.43:999,N/A,N/A,N/A,N/A,FAILED
49.147.99.41:8080,N/A,N/A,N/A,N/A,FAILED
78.130.246.39:5678,N/A,N/A,N/A,N/A,FAILED
198.89.91.42:5678,N/A,N/A,N/A,N/A,FAILED
45.38.52.211:8888,N/A,N/A,N/A,N/A,FAILED
72.10.160.90:21545,N/A,N/A,N/A,N/A,FAILED
27.189.128.207:8089,N/A,N/A,N/A,N/A,FAILED
37.221.193.221:36645,N/A,N/A,N/A,N/A,FAILED
45.140.205.53:8080,N/A,N/A,N/A,N/A,FAILED
251.130.60.156:42528,N/A,N/A,N/A,N/A,FAILED
115.127.139.90:58080,N/A,N/A,N/A,N/A,FAILED
143.42.66.91:80,N/A,N/A,N/A,N/A,FAILED
117.82.227.162:8089,N/A,N/A,N/A,N/A,FAILED
221.225.66.42:8089,N/A,N/A,N/A,N/A,FAILED
190.52.108.248:6666,N/A,N/A,N/A,N/A,FAILED
72.10.160.170:9937,N/A,N/A,N/A,N/A,FAILED
27.189.133.164:8089,N/A,N/A,N/A,N/A,FAILED
117.80.188.208:8089,N/A,N/A,N/A,N/A,FAILED
119.3.113.150:9094,N/A,N/A,N/A,N/A,FAILED
170.78.208.242:999,N/A,N/A,N/A,N/A,FAILED
110.74.195.142:8080,N/A,N/A,N/A,N/A,FAILED
209.97.150.167:80,N/A,N/A,N/A,N/A,FAILED
121.232.181.154:8089,N/A,N/A,N/A,N/A,FAILED
121.224.170.240:8089,N/A,N/A,N/A,N/A,FAILED
125.26.204.248:8080,N/A,N/A,N/A,N/A,FAILED
114.219.102.36:8089,N/A,N/A,N/A,N/A,FAILED
103.210.35.98:4145,N/A,N/A,N/A,N/A,FAILED
84.214.150.146:8080,N/A,N/A,N/A,N/A,FAILED
47.56.110.204:8989,N/A,N/A,N/A,N/A,FAILED
27.189.133.16:8089,N/A,N/A,N/A,N/A,FAILED
122.102.43.150:3128,N/A,N/A,N/A,N/A,FAILED
180.114.169.206:8089,N/A,N/A,N/A,N/A,FAILED
43.228.237.149:6095,N/A,N/A,N/A,N/A,FAILED
103.96.116.246:8090,N/A,N/A,N/A,N/A,FAILED
209.159.153.22:26513,N/A,N/A,N/A,N/A,FAILED
48.218.204.26:3128,N/A,N/A,N/A,N/A,FAILED
114.229.213.198:8089,N/A,N/A,N/A,N/A,FAILED
177.242.147.110:3030,N/A,N/A,N/A,N/A,FAILED
121.224.170.205:8089,N/A,N/A,N/A,N/A,FAILED
185.105.102.179:80,N/A,N/A,N/A,N/A,FAILED
23.82.137.156:80,N/A,N/A,N/A,N/A,FAILED
115.127.19.163:9090,N/A,N/A,N/A,N/A,FAILED
27.189.128.254:8089,N/A,N/A,N/A,N/A,FAILED
27.189.132.105:8089,N/A,N/A,N/A,N/A,FAILED
38.172.128.13:999,N/A,N/A,N/A,N/A,FAILED
8.211.131.47:3389,N/A,N/A,N/A,N/A,FAILED
223.25.100.235:8080,N/A,N/A,N/A,N/A,FAILED
153.127.195.58:4444,N/A,N/A,N/A,N/A,FAILED
121.224.170.212:8089,N/A,N/A,N/A,N/A,FAILED
192.252.144.31:8080,N/A,N/A,N/A,N/A,FAILED
212.69.114.161:8080,N/A,N/A,N/A,N/A,FAILED
162.0.220.217:40680,N/A,N/A,N/A,N/A,FAILED
36.88.253.86:8080,N/A,N/A,N/A,N/A,FAILED
188.117.108.68:3128,N/A,N/A,N/A,N/A,FAILED
14.102.89.96:5678,N/A,N/A,N/A,N/A,FAILED
81.163.62.221:50919,N/A,N/A,N/A,N/A,FAILED
198.12.85.211:80,N/A,N/A,N/A,N/A,FAILED
45.77.71.140:9050,N/A,N/A,N/A,N/A,FAILED
162.241.46.54:58330,N/A,N/A,N/A,N/A,FAILED
194.31.64.243:23547,N/A,N/A,N/A,N/A,FAILED
51.254.78.223:80,N/A,N/A,N/A,N/A,FAILED
157.10.97.119:8181,N/A,N/A,N/A,N/A,FAILED
64.181.240.152:3128,N/A,N/A,N/A,N/A,FAILED
175.200.156.225:3120,N/A,N/A,N/A,N/A,FAILED
109.241.192.24:41618,N/A,N/A,N/A,N/A,FAILED
27.189.129.182:8089,N/A,N/A,N/A,N/A,FAILED
1.32.48.212:8081,N/A,N/A,N/A,N/A,FAILED
45.140.143.77:18080,N/A,N/A,N/A,N/A,FAILED
154.18.220.190:5678,N/A,N/A,N/A,N/A,FAILED
58.209.137.136:8089,N/A,N/A,N/A,N/A,FAILED
118.113.247.31:2324,N/A,N/A,N/A,N/A,FAILED
219.143.201.200:8010,N/A,N/A,N/A,N/A,FAILED
8.213.129.20:9098,N/A,N/A,N/A,N/A,FAILED
91.189.237.78:8080,N/A,N/A,N/A,N/A,FAILED
177.184.199.36:80,N/A,N/A,N/A,N/A,FAILED
8.213.129.20:19,N/A,N/A,N/A,N/A,FAILED
89.46.249.253:53018,N/A,N/A,N/A,N/A,FAILED
72.10.164.178:7967,N/A,N/A,N/A,N/A,FAILED
8.209.247.209:3389,N/A,N/A,N/A,N/A,FAILED
77.239.115.23:3128,N/A,N/A,N/A,N/A,FAILED
45.225.89.145:999,N/A,N/A,N/A,N/A,FAILED
121.224.156.150:8089,N/A,N/A,N/A,N/A,FAILED
104.248.163.184:3128,N/A,N/A,N/A,N/A,FAILED
103.214.9.97:3128,N/A,N/A,N/A,N/A,FAILED
103.147.134.59:8080,N/A,N/A,N/A,N/A,FAILED
82.79.131.110:80,N/A,N/A,N/A,N/A,FAILED
121.200.50.33:3128,N/A,N/A,N/A,N/A,FAILED
177.73.68.150:8080,N/A,N/A,N/A,N/A,FAILED
157.198.107.15:8080,N/A,N/A,N/A,N/A,FAILED
51.222.158.98:3128,N/A,N/A,N/A,N/A,FAILED
196.206.116.174:8888,N/A,N/A,N/A,N/A,FAILED
187.172.203.143:999,N/A,N/A,N/A,N/A,FAILED
103.23.141.253:8181,N/A,N/A,N/A,N/A,FAILED
36.67.114.94:8187,N/A,N/A,N/A,N/A,FAILED
202.77.112.245:8080,N/A,N/A,N/A,N/A,FAILED
174.138.176.76:13641,N/A,N/A,N/A,N/A,FAILED
177.193.4.226:9002,N/A,N/A,N/A,N/A,FAILED
125.209.108.106:3128,N/A,N/A,N/A,N/A,FAILED
117.80.188.212:8089,N/A,N/A,N/A,N/A,FAILED
86.106.132.186:3128,N/A,N/A,N/A,N/A,FAILED
186.7.72.220:999,N/A,N/A,N/A,N/A,FAILED
218.75.224.4:3309,N/A,N/A,N/A,N/A,FAILED
181.129.252.123:999,N/A,N/A,N/A,N/A,FAILED
102.209.18.82:8080,N/A,N/A,N/A,N/A,FAILED
218.1.197.132:2324,N/A,N/A,N/A,N/A,FAILED
8.211.194.85:18080,N/A,N/A,N/A,N/A,FAILED
67.43.228.250:28421,N/A,N/A,N/A,N/A,FAILED
103.208.102.2:8080,N/A,N/A,N/A,N/A,FAILED
38.52.182.72:999,N/A,N/A,N/A,N/A,FAILED
185.189.100.94:8080,N/A,N/A,N/A,N/A,FAILED
47.251.73.54:8081,N/A,N/A,N/A,N/A,FAILED
58.209.137.186:8089,N/A,N/A,N/A,N/A,FAILED
102.0.5.152:8080,N/A,N/A,N/A,N/A,FAILED
27.189.135.86:8089,N/A,N/A,N/A,N/A,FAILED
27.189.131.226:8089,N/A,N/A,N/A,N/A,FAILED
177.93.36.46:999,N/A,N/A,N/A,N/A,FAILED
114.219.174.52:8089,N/A,N/A,N/A,N/A,FAILED
201.186.41.103:999,N/A,N/A,N/A,N/A,FAILED
162.19.7.50:19902,N/A,N/A,N/A,N/A,FAILED
103.60.90.22:8181,N/A,N/A,N/A,N/A,FAILED
45.123.142.13:8181,N/A,N/A,N/A,N/A,FAILED
20.243.184.137:3128,N/A,N/A,N/A,N/A,FAILED
192.9.188.22:6221,N/A,N/A,N/A,N/A,FAILED
62.210.215.36:80,N/A,N/A,N/A,N/A,FAILED
203.142.71.50:8080,N/A,N/A,N/A,N/A,FAILED
103.60.90.39:8181,N/A,N/A,N/A,N/A,FAILED
121.224.156.144:8089,N/A,N/A,N/A,N/A,FAILED
61.145.214.107:65533,N/A,N/A,N/A,N/A,FAILED
47.251.73.54:8443,N/A,N/A,N/A,N/A,FAILED
38.250.127.81:999,N/A,N/A,N/A,N/A,FAILED
187.245.214.11:999,N/A,N/A,N/A,N/A,FAILED
181.174.231.30:999,N/A,N/A,N/A,N/A,FAILED
200.215.229.3:999,N/A,N/A,N/A,N/A,FAILED
38.7.3.12:999,N/A,N/A,N/A,N/A,FAILED
103.242.104.48:3125,N/A,N/A,N/A,N/A,FAILED
27.147.219.198:58080,N/A,N/A,N/A,N/A,FAILED
72.10.160.93:21965,N/A,N/A,N/A,N/A,FAILED
72.10.164.178:11661,N/A,N/A,N/A,N/A,FAILED
121.234.73.213:9002,N/A,N/A,N/A,N/A,FAILED
125.27.240.130:8080,N/A,N/A,N/A,N/A,FAILED
200.174.198.86:8888,N/A,N/A,N/A,N/A,FAILED
188.132.222.4:8080,N/A,N/A,N/A,N/A,FAILED
102.213.223.46:83,N/A,N/A,N/A,N/A,FAILED
44.215.100.135:8118,N/A,N/A,N/A,N/A,FAILED
103.175.228.142:8080,N/A,N/A,N/A,N/A,FAILED
87.248.129.32:80,N/A,N/A,N/A,N/A,FAILED
175.103.36.130:3888,N/A,N/A,N/A,N/A,FAILED
197.164.101.12:1981,N/A,N/A,N/A,N/A,FAILED
89.104.102.209:58080,N/A,N/A,N/A,N/A,FAILED
191.102.123.196:999,N/A,N/A,N/A,N/A,FAILED
65.109.92.51:19028,N/A,N/A,N/A,N/A,FAILED
181.129.74.58:40667,N/A,N/A,N/A,N/A,FAILED
114.224.141.170:8089,N/A,N/A,N/A,N/A,FAILED
119.95.107.16:8081,N/A,N/A,N/A,N/A,FAILED
121.224.170.230:8089,N/A,N/A,N/A,N/A,FAILED
72.10.160.90:17941,N/A,N/A,N/A,N/A,FAILED
103.141.66.78:96,N/A,N/A,N/A,N/A,FAILED
23.143.160.193:999,N/A,N/A,N/A,N/A,FAILED
121.235.143.219:8089,N/A,N/A,N/A,N/A,FAILED
45.188.76.107:999,N/A,N/A,N/A,N/A,FAILED
103.105.53.72:7777,N/A,N/A,N/A,N/A,FAILED
112.201.237.199:8082,N/A,N/A,N/A,N/A,FAILED
202.154.18.1:4995,N/A,N/A,N/A,N/A,FAILED
27.189.135.89:8089,N/A,N/A,N/A,N/A,FAILED
67.43.236.18:15245,N/A,N/A,N/A,N/A,FAILED
27.189.130.231:8089,N/A,N/A,N/A,N/A,FAILED
121.224.156.149:8089,N/A,N/A,N/A,N/A,FAILED
165.232.129.150:80,N/A,N/A,N/A,N/A,FAILED
91.107.154.214:80,N/A,N/A,N/A,N/A,FAILED
79.127.158.225:8082,N/A,N/A,N/A,N/A,FAILED
123.30.154.171:7777,N/A,N/A,N/A,N/A,FAILED
132.148.167.243:15664,N/A,N/A,N/A,N/A,FAILED
182.93.75.77:8080,N/A,N/A,N/A,N/A,FAILED
202.131.153.146:1111,N/A,N/A,N/A,N/A,FAILED
170.80.242.154:999,N/A,N/A,N/A,N/A,FAILED
154.6.98.216:3128,N/A,N/A,N/A,N/A,FAILED
44.5.42.16:39861,N/A,N/A,N/A,N/A,FAILED
16.201.23.193:13322,N/A,N/A,N/A,N/A,FAILED
165.22.98.229:38053,N/A,N/A,N/A,N/A,FAILED
103.247.21.124:1111,N/A,N/A,N/A,N/A,FAILED
124.160.103.162:11451,N/A,N/A,N/A,N/A,FAILED
119.8.175.159:3128,N/A,N/A,N/A,N/A,FAILED
72.10.164.178:32913,N/A,N/A,N/A,N/A,FAILED
159.203.61.169:3128,N/A,N/A,N/A,N/A,FAILED
128.199.202.122:3128,N/A,N/A,N/A,N/A,FAILED
118.97.164.19:8080,N/A,N/A,N/A,N/A,FAILED
202.96.46.200:8010,N/A,N/A,N/A,N/A,FAILED
103.48.71.138:82,N/A,N/A,N/A,N/A,FAILED
87.94.112.48:1524,N/A,N/A,N/A,N/A,FAILED
213.239.221.24:8888,N/A,N/A,N/A,N/A,FAILED
186.96.97.203:999,N/A,N/A,N/A,N/A,FAILED
38.65.172.43:999,N/A,N/A,N/A,N/A,FAILED
176.37.21.46:41890,N/A,N/A,N/A,N/A,FAILED
90.161.186.147:3128,N/A,N/A,N/A,N/A,FAILED
144.48.229.33:8080,N/A,N/A,N/A,N/A,FAILED
47.83.192.255:8888,N/A,N/A,N/A,N/A,FAILED
213.131.85.30:1981,N/A,N/A,N/A,N/A,FAILED
202.51.212.146:8080,N/A,N/A,N/A,N/A,FAILED
103.125.50.234:8080,N/A,N/A,N/A,N/A,FAILED
188.132.222.40:8080,N/A,N/A,N/A,N/A,FAILED
14.204.53.37:8085,N/A,N/A,N/A,N/A,FAILED
181.78.105.156:999,N/A,N/A,N/A,N/A,FAILED
170.80.234.145:8080,N/A,N/A,N/A,N/A,FAILED
103.154.230.180:8080,N/A,N/A,N/A,N/A,FAILED
160.20.165.229:8586,N/A,N/A,N/A,N/A,FAILED
180.107.218.63:8089,N/A,N/A,N/A,N/A,FAILED
45.123.142.65:8181,N/A,N/A,N/A,N/A,FAILED
119.92.75.48:8181,N/A,N/A,N/A,N/A,FAILED
27.189.131.169:8089,N/A,N/A,N/A,N/A,FAILED
49.254.213.17:29377,N/A,N/A,N/A,N/A,FAILED
23.138.88.96:999,N/A,N/A,N/A,N/A,FAILED
103.125.174.5:8080,N/A,N/A,N/A,N/A,FAILED
48.218.201.155:3128,N/A,N/A,N/A,N/A,FAILED
188.166.56.246:80,N/A,N/A,N/A,N/A,FAILED
190.61.80.98:999,N/A,N/A,N/A,N/A,FAILED
47.236.8.166:18080,N/A,N/A,N/A,N/A,FAILED
117.74.65.207:80,N/A,N/A,N/A,N/A,FAILED
27.189.135.166:8089,N/A,N/A,N/A,N/A,FAILED
46.47.197.210:3128,N/A,N/A,N/A,N/A,FAILED
120.28.216.152:8082,N/A,N/A,N/A,N/A,FAILED
212.227.189.168:3128,N/A,N/A,N/A,N/A,FAILED
67.43.228.253:21383,N/A,N/A,N/A,N/A,FAILED
147.75.122.245:999,N/A,N/A,N/A,N/A,FAILED
63.246.150.111:3128,N/A,N/A,N/A,N/A,FAILED
72.10.160.90:10591,N/A,N/A,N/A,N/A,FAILED
119.3.113.152:9094,N/A,N/A,N/A,N/A,FAILED
200.71.109.102:999,N/A,N/A,N/A,N/A,FAILED
195.2.74.19:9621,N/A,N/A,N/A,N/A,FAILED
72.52.87.199:3128,N/A,N/A,N/A,N/A,FAILED
110.76.145.5:8090,N/A,N/A,N/A,N/A,FAILED
198.8.94.174:39078,N/A,N/A,N/A,N/A,FAILED
27.189.128.147:8089,N/A,N/A,N/A,N/A,FAILED
188.132.150.69:8080,N/A,N/A,N/A,N/A,FAILED
192.111.138.29:4145,N/A,N/A,N/A,N/A,FAILED
58.243.224.244:8085,N/A,N/A,N/A,N/A,FAILED
111.132.16.156:3389,N/A,N/A,N/A,N/A,FAILED
45.191.7.250:8080,N/A,N/A,N/A,N/A,FAILED
72.10.160.90:27847,N/A,N/A,N/A,N/A,FAILED
184.178.172.5:15303,N/A,N/A,N/A,N/A,FAILED
111.132.16.70:3389,N/A,N/A,N/A,N/A,FAILED
102.165.58.199:8080,N/A,N/A,N/A,N/A,FAILED
147.78.169.80:800,N/A,N/A,N/A,N/A,FAILED
188.125.169.92:8080,N/A,N/A,N/A,N/A,FAILED
41.59.90.171:80,N/A,N/A,N/A,N/A,FAILED
149.28.132.92:25820,N/A,N/A,N/A,N/A,FAILED
45.249.78.177:5678,N/A,N/A,N/A,N/A,FAILED
94.24.182.61:1080,N/A,N/A,N/A,N/A,FAILED
24.249.199.4:4145,N/A,N/A,N/A,N/A,FAILED
77.225.198.220:4673,N/A,N/A,N/A,N/A,FAILED
186.208.139.196:8080,N/A,N/A,N/A,N/A,FAILED
30.206.234.79:3128,N/A,N/A,N/A,N/A,FAILED
171.41.130.174:2324,N/A,N/A,N/A,N/A,FAILED
36.255.211.1:55438,N/A,N/A,N/A,N/A,FAILED
103.124.196.130:8080,N/A,N/A,N/A,N/A,FAILED
199.187.210.54:4145,N/A,N/A,N/A,N/A,FAILED
154.53.91.255:8800,N/A,N/A,N/A,N/A,FAILED
2.59.117.122:46738,N/A,N/A,N/A,N/A,FAILED
115.74.10.31:10017,N/A,N/A,N/A,N/A,FAILED
72.10.160.91:13993,N/A,N/A,N/A,N/A,FAILED
31.200.114.82:8080,N/A,N/A,N/A,N/A,FAILED
72.195.34.60:27391,N/A,N/A,N/A,N/A,FAILED
213.252.245.221:6116,N/A,N/A,N/A,N/A,FAILED
45.128.133.209:1080,N/A,N/A,N/A,N/A,FAILED
186.251.255.105:31337,N/A,N/A,N/A,N/A,FAILED
159.223.71.71:50837,N/A,N/A,N/A,N/A,FAILED
31.10.63.215:6708,N/A,N/A,N/A,N/A,FAILED
251.235.75.27:512,N/A,N/A,N/A,N/A,FAILED
80.154.30.163:80,N/A,N/A,N/A,N/A,FAILED
45.191.47.12:999,N/A,N/A,N/A,N/A,FAILED
67.213.212.49:44381,N/A,N/A,N/A,N/A,FAILED
154.16.112.204:57616,N/A,N/A,N/A,N/A,FAILED
67.43.228.250:9761,N/A,N/A,N/A,N/A,FAILED
201.184.239.75:5678,N/A,N/A,N/A,N/A,FAILED
188.247.61.234:8080,N/A,N/A,N/A,N/A,FAILED
222.247.57.67:9002,N/A,N/A,N/A,N/A,FAILED
67.213.212.57:62486,N/A,N/A,N/A,N/A,FAILED
38.66.207.9:999,N/A,N/A,N/A,N/A,FAILED
148.66.130.53:19007,N/A,N/A,N/A,N/A,FAILED
186.166.138.5:999,N/A,N/A,N/A,N/A,FAILED
37.210.148.244:8001,N/A,N/A,N/A,N/A,FAILED
210.233.4.137:110,N/A,N/A,N/A,N/A,FAILED
216.43.230.95:8081,N/A,N/A,N/A,N/A,FAILED
121.177.154.16:3128,N/A,N/A,N/A,N/A,FAILED
38.91.107.2:23110,N/A,N/A,N/A,N/A,FAILED
192.53.126.207:10137,N/A,N/A,N/A,N/A,FAILED
132.22.40.2:8080,N/A,N/A,N/A,N/A,FAILED
67.213.212.57:57243,N/A,N/A,N/A,N/A,FAILED
116.107.203.105:20010,N/A,N/A,N/A,N/A,FAILED
5.161.98.204:20703,N/A,N/A,N/A,N/A,FAILED
162.0.220.218:54748,N/A,N/A,N/A,N/A,FAILED
173.211.69.29:6622,N/A,N/A,N/A,N/A,FAILED
141.95.160.178:47709,N/A,N/A,N/A,N/A,FAILED
67.43.236.19:17553,N/A,N/A,N/A,N/A,FAILED
173.212.237.43:51774,N/A,N/A,N/A,N/A,FAILED
2.187.234.221:8080,N/A,N/A,N/A,N/A,FAILED
58.219.241.53:3389,N/A,N/A,N/A,N/A,FAILED
98.178.72.21:10919,N/A,N/A,N/A,N/A,FAILED
27.71.162.157:4003,N/A,N/A,N/A,N/A,FAILED
67.205.177.122:32264,N/A,N/A,N/A,N/A,FAILED
181.174.228.34:999,N/A,N/A,N/A,N/A,FAILED
4.14.120.230:39593,N/A,N/A,N/A,N/A,FAILED
5.8.240.91:4153,N/A,N/A,N/A,N/A,FAILED
75.119.145.154:12416,N/A,N/A,N/A,N/A,FAILED
185.191.165.28:1080,N/A,N/A,N/A,N/A,FAILED
41.223.234.116:37259,N/A,N/A,N/A,N/A,FAILED
117.67.64.70:38801,N/A,N/A,N/A,N/A,FAILED
72.10.160.92:30677,N/A,N/A,N/A,N/A,FAILED
108.175.23.1:13135,N/A,N/A,N/A,N/A,FAILED
41.174.132.82:5678,N/A,N/A,N/A,N/A,FAILED
2.63.255.183:8080,N/A,N/A,N/A,N/A,FAILED
95.216.29.208:13082,N/A,N/A,N/A,N/A,FAILED
80.251.158.130:3128,N/A,N/A,N/A,N/A,FAILED
179.218.200.4:36907,N/A,N/A,N/A,N/A,FAILED
149.28.140.151:14224,N/A,N/A,N/A,N/A,FAILED
103.114.106.229:5663,N/A,N/A,N/A,N/A,FAILED
65.49.2.84:39807,N/A,N/A,N/A,N/A,FAILED
11.78.176.53:5566,N/A,N/A,N/A,N/A,FAILED
181.146.138.115:80,N/A,N/A,N/A,N/A,FAILED
191.102.89.94:3128,N/A,N/A,N/A,N/A,FAILED
213.176.44.77:8080,N/A,N/A,N/A,N/A,FAILED
186.195.33.22:5151,N/A,N/A,N/A,N/A,FAILED
185.132.1.221:4145,N/A,N/A,N/A,N/A,FAILED
189.68.43.66:8080,N/A,N/A,N/A,N/A,FAILED
156.228.78.220:3128,N/A,N/A,N/A,N/A,FAILED
67.43.228.253:12717,N/A,N/A,N/A,N/A,FAILED
161.123.33.135:6158,N/A,N/A,N/A,N/A,FAILED
103.166.39.33:3629,N/A,N/A,N/A,N/A,FAILED
89.38.97.145:12208,N/A,N/A,N/A,N/A,FAILED
222.67.13.78:2324,N/A,N/A,N/A,N/A,FAILED
222.68.37.97:1080,N/A,N/A,N/A,N/A,FAILED
93.127.163.52:80,N/A,N/A,N/A,N/A,FAILED
1.32.57.85:5678,N/A,N/A,N/A,N/A,FAILED
209.159.153.22:61949,N/A,N/A,N/A,N/A,FAILED
91.221.177.40:80,N/A,N/A,N/A,N/A,FAILED
88.135.68.21:59274,N/A,N/A,N/A,N/A,FAILED
5.58.47.25:3629,N/A,N/A,N/A,N/A,FAILED
125.87.91.131:2324,N/A,N/A,N/A,N/A,FAILED
67.43.227.227:30517,N/A,N/A,N/A,N/A,FAILED
27.189.134.58:8089,N/A,N/A,N/A,N/A,FAILED
95.111.228.159:3128,N/A,N/A,N/A,N/A,FAILED
67.213.210.62:56998,N/A,N/A,N/A,N/A,FAILED
37.229.122.18:8080,N/A,N/A,N/A,N/A,FAILED
149.129.176.63:6666,N/A,N/A,N/A,N/A,FAILED
184.178.172.11:4145,N/A,N/A,N/A,N/A,FAILED
67.205.149.230:3128,N/A,N/A,N/A,N/A,FAILED
190.109.72.17:33633,N/A,N/A,N/A,N/A,FAILED
1.54.45.59:10002,N/A,N/A,N/A,N/A,FAILED
82.223.151.8:53347,N/A,N/A,N/A,N/A,FAILED
8.213.137.155:999,N/A,N/A,N/A,N/A,FAILED
159.192.97.129:5678,N/A,N/A,N/A,N/A,FAILED
212.83.143.151:51006,N/A,N/A,N/A,N/A,FAILED
195.154.43.86:39895,N/A,N/A,N/A,N/A,FAILED
146.190.84.209:64834,N/A,N/A,N/A,N/A,FAILED
103.88.169.6:3629,N/A,N/A,N/A,N/A,FAILED
162.241.50.179:30828,N/A,N/A,N/A,N/A,FAILED
156.200.56.61:80,N/A,N/A,N/A,N/A,FAILED
103.109.58.242:8080,N/A,N/A,N/A,N/A,FAILED
163.207.253.45:5060,N/A,N/A,N/A,N/A,FAILED
103.139.246.166:5678,N/A,N/A,N/A,N/A,FAILED
103.99.110.222:5678,N/A,N/A,N/A,N/A,FAILED
47.91.89.3:9080,N/A,N/A,N/A,N/A,FAILED
34.87.7.55:55124,N/A,N/A,N/A,N/A,FAILED
8.213.128.6:11,N/A,N/A,N/A,N/A,FAILED
192.252.220.89:4145,N/A,N/A,N/A,N/A,FAILED
181.115.75.102:5678,N/A,N/A,N/A,N/A,FAILED
108.181.132.115:50825,N/A,N/A,N/A,N/A,FAILED
188.125.169.215:10820,N/A,N/A,N/A,N/A,FAILED
195.191.214.118:46657,N/A,N/A,N/A,N/A,FAILED
162.19.7.48:60113,N/A,N/A,N/A,N/A,FAILED
44.40.19.31:1193,N/A,N/A,N/A,N/A,FAILED
142.54.231.38:4145,N/A,N/A,N/A,N/A,FAILED
201.234.24.89:4153,N/A,N/A,N/A,N/A,FAILED
192.111.135.18:18301,N/A,N/A,N/A,N/A,FAILED
192.111.137.37:18762,N/A,N/A,N/A,N/A,FAILED
163.172.166.35:16379,N/A,N/A,N/A,N/A,FAILED
66.29.128.245:46982,N/A,N/A,N/A,N/A,FAILED
119.18.158.130:4153,N/A,N/A,N/A,N/A,FAILED
46.151.83.231:443,N/A,N/A,N/A,N/A,FAILED
109.183.170.45:3128,N/A,N/A,N/A,N/A,FAILED
221.119.143.58:8080,N/A,N/A,N/A,N/A,FAILED
38.54.101.254:8060,N/A,N/A,N/A,N/A,FAILED
8.221.138.111:8080,N/A,N/A,N/A,N/A,FAILED
45.234.83.248:8080,N/A,N/A,N/A,N/A,FAILED
108.175.24.1:13135,N/A,N/A,N/A,N/A,FAILED
45.6.95.68:4153,N/A,N/A,N/A,N/A,FAILED
2.14.140.89:8080,N/A,N/A,N/A,N/A,FAILED
162.240.217.45:59881,N/A,N/A,N/A,N/A,FAILED
1.75.121.63:52515,N/A,N/A,N/A,N/A,FAILED
156.253.176.138:3128,N/A,N/A,N/A,N/A,FAILED
87.98.129.60:20285,N/A,N/A,N/A,N/A,FAILED
125.70.227.214:10800,N/A,N/A,N/A,N/A,FAILED
129.205.244.158:1080,N/A,N/A,N/A,N/A,FAILED
27.77.230.109:1080,N/A,N/A,N/A,N/A,FAILED
66.29.128.243:22572,N/A,N/A,N/A,N/A,FAILED
87.213.222.136:80,N/A,N/A,N/A,N/A,FAILED
103.160.182.33:8080,N/A,N/A,N/A,N/A,FAILED
93.171.243.253:1080,N/A,N/A,N/A,N/A,FAILED
74.208.51.197:5000,N/A,N/A,N/A,N/A,FAILED
46.173.175.166:10801,N/A,N/A,N/A,N/A,FAILED
67.43.236.20:21929,N/A,N/A,N/A,N/A,FAILED
83.66.20.224:1080,N/A,N/A,N/A,N/A,FAILED
153.62.129.51:8081,N/A,N/A,N/A,N/A,FAILED
125.87.82.171:2324,N/A,N/A,N/A,N/A,FAILED
177.221.165.111:8081,N/A,N/A,N/A,N/A,FAILED
218.28.54.154:3128,N/A,N/A,N/A,N/A,FAILED
162.19.7.57:64709,N/A,N/A,N/A,N/A,FAILED
67.43.236.18:10403,N/A,N/A,N/A,N/A,FAILED
45.120.38.246:1088,N/A,N/A,N/A,N/A,FAILED
161.139.147.99:3128,N/A,N/A,N/A,N/A,FAILED
202.51.124.166:1080,N/A,N/A,N/A,N/A,FAILED
69.197.167.74:6526,N/A,N/A,N/A,N/A,FAILED
41.223.108.13:1080,N/A,N/A,N/A,N/A,FAILED
51.161.16.116:80,N/A,N/A,N/A,N/A,FAILED
51.83.116.3:41928,N/A,N/A,N/A,N/A,FAILED
67.213.212.52:51299,N/A,N/A,N/A,N/A,FAILED
85.105.135.205:1080,N/A,N/A,N/A,N/A,FAILED
66.228.35.209:48487,N/A,N/A,N/A,N/A,FAILED
213.222.34.200:4145,N/A,N/A,N/A,N/A,FAILED
111.132.16.238:3389,N/A,N/A,N/A,N/A,FAILED
38.240.45.111:3128,N/A,N/A,N/A,N/A,FAILED
213.252.245.221:6118,N/A,N/A,N/A,N/A,FAILED
157.89.46.130:8888,N/A,N/A,N/A,N/A,FAILED
41.70.106.1:5678,N/A,N/A,N/A,N/A,FAILED
91.217.72.126:6855,N/A,N/A,N/A,N/A,FAILED
177.136.124.36:3629,N/A,N/A,N/A,N/A,FAILED
8.212.165.164:3128,N/A,N/A,N/A,N/A,FAILED
152.53.36.109:45030,N/A,N/A,N/A,N/A,FAILED
185.122.204.56:41055,N/A,N/A,N/A,N/A,FAILED
110.72.181.185:3128,N/A,N/A,N/A,N/A,FAILED
103.156.17.240:8080,N/A,N/A,N/A,N/A,FAILED
72.10.160.91:19797,N/A,N/A,N/A,N/A,FAILED
184.174.56.80:5092,N/A,N/A,N/A,N/A,FAILED
74.230.30.81:27661,N/A,N/A,N/A,N/A,FAILED
176.236.37.132:1080,N/A,N/A,N/A,N/A,FAILED
162.0.220.234:12644,N/A,N/A,N/A,N/A,FAILED
3.33.2.28:8050,N/A,N/A,N/A,N/A,FAILED
77.104.75.97:5678,N/A,N/A,N/A,N/A,FAILED
181.129.74.58:30431,N/A,N/A,N/A,N/A,FAILED
149.56.96.252:9300,N/A,N/A,N/A,N/A,FAILED
170.106.184.175:8171,N/A,N/A,N/A,N/A,FAILED
27.64.163.40:13267,N/A,N/A,N/A,N/A,FAILED
92.205.60.110:55539,N/A,N/A,N/A,N/A,FAILED
154.6.99.61:3128,N/A,N/A,N/A,N/A,FAILED
167.99.87.87:80,N/A,N/A,N/A,N/A,FAILED
38.91.107.220:34616,N/A,N/A,N/A,N/A,FAILED
103.145.34.150:1111,N/A,N/A,N/A,N/A,FAILED
72.167.150.81:53503,N/A,N/A,N/A,N/A,FAILED
190.6.141.30:999,N/A,N/A,N/A,N/A,FAILED
178.153.241.108:8080,N/A,N/A,N/A,N/A,FAILED
51.159.188.105:10237,N/A,N/A,N/A,N/A,FAILED
87.84.126.216:5900,N/A,N/A,N/A,N/A,FAILED
185.255.134.139:4444,N/A,N/A,N/A,N/A,FAILED
104.238.100.115:45314,N/A,N/A,N/A,N/A,FAILED
51.83.116.3:50149,N/A,N/A,N/A,N/A,FAILED
222.68.36.181:2324,N/A,N/A,N/A,N/A,FAILED
67.43.236.18:32303,N/A,N/A,N/A,N/A,FAILED
206.155.214.128:80,N/A,N/A,N/A,N/A,FAILED
103.66.233.173:4145,N/A,N/A,N/A,N/A,FAILED
175.110.112.72:31954,N/A,N/A,N/A,N/A,FAILED
108.184.1.216:53854,N/A,N/A,N/A,N/A,FAILED
109.121.16.77:4991,N/A,N/A,N/A,N/A,FAILED
94.141.99.147:3128,N/A,N/A,N/A,N/A,FAILED
190.12.58.2:1001,N/A,N/A,N/A,N/A,FAILED
121.198.70.184:80,N/A,N/A,N/A,N/A,FAILED
35.78.109.235:80,N/A,N/A,N/A,N/A,FAILED
38.65.172.4:999,N/A,N/A,N/A,N/A,FAILED
218.26.101.226:53813,N/A,N/A,N/A,N/A,FAILED
102.222.51.105:8080,N/A,N/A,N/A,N/A,FAILED
206.85.9.134:8080,N/A,N/A,N/A,N/A,FAILED
222.68.40.126:2324,N/A,N/A,N/A,N/A,FAILED
222.68.36.252:2324,N/A,N/A,N/A,N/A,FAILED
102.176.88.66:33617,N/A,N/A,N/A,N/A,FAILED
222.68.37.112:1080,N/A,N/A,N/A,N/A,FAILED
45.86.6.62:8080,N/A,N/A,N/A,N/A,FAILED
29.235.136.234:59259,N/A,N/A,N/A,N/A,FAILED
103.79.96.193:4153,N/A,N/A,N/A,N/A,FAILED
111.72.193.66:2324,N/A,N/A,N/A,N/A,FAILED
146.190.218.26:13108,N/A,N/A,N/A,N/A,FAILED
103.109.2.94:4153,N/A,N/A,N/A,N/A,FAILED
167.87.82.30:8080,N/A,N/A,N/A,N/A,FAILED
200.63.107.118:8089,N/A,N/A,N/A,N/A,FAILED
185.43.249.148:39316,N/A,N/A,N/A,N/A,FAILED
108.181.132.118:47129,N/A,N/A,N/A,N/A,FAILED
173.241.48.55:162,N/A,N/A,N/A,N/A,FAILED
182.204.182.78:1080,N/A,N/A,N/A,N/A,FAILED
170.245.248.45:60606,N/A,N/A,N/A,N/A,FAILED
117.54.156.245:8080,N/A,N/A,N/A,N/A,FAILED
222.67.12.131:2324,N/A,N/A,N/A,N/A,FAILED
35.179.75.221:20046,N/A,N/A,N/A,N/A,FAILED
111.132.16.13:3389,N/A,N/A,N/A,N/A,FAILED
222.68.37.224:2324,N/A,N/A,N/A,N/A,FAILED
194.150.71.0:7060,N/A,N/A,N/A,N/A,FAILED
49.0.43.238:39930,N/A,N/A,N/A,N/A,FAILED
222.67.10.71:2324,N/A,N/A,N/A,N/A,FAILED
94.249.221.93:49200,N/A,N/A,N/A,N/A,FAILED
196.204.83.237:1976,N/A,N/A,N/A,N/A,FAILED
103.51.205.20:8080,N/A,N/A,N/A,N/A,FAILED
196.0.111.194:34638,N/A,N/A,N/A,N/A,FAILED
186.96.97.180:999,N/A,N/A,N/A,N/A,FAILED
49.86.49.241:8888,N/A,N/A,N/A,N/A,FAILED
49.71.105.203:8888,N/A,N/A,N/A,N/A,FAILED
37.26.86.206:47464,N/A,N/A,N/A,N/A,FAILED
103.168.254.33:8080,N/A,N/A,N/A,N/A,FAILED
14.143.130.210:80,N/A,N/A,N/A,N/A,FAILED
103.112.144.29:8118,N/A,N/A,N/A,N/A,FAILED
103.176.96.172:1565,N/A,N/A,N/A,N/A,FAILED
46.64.137.233:80,N/A,N/A,N/A,N/A,FAILED
103.52.144.110:8021,N/A,N/A,N/A,N/A,FAILED
164.163.73.69:999,N/A,N/A,N/A,N/A,FAILED
190.152.5.17:39888,N/A,N/A,N/A,N/A,FAILED
103.176.96.185:8082,N/A,N/A,N/A,N/A,FAILED
45.149.93.123:9999,N/A,N/A,N/A,N/A,FAILED
222.68.37.75:1080,N/A,N/A,N/A,N/A,FAILED
103.169.139.13:8081,N/A,N/A,N/A,N/A,FAILED
103.30.181.182:8080,N/A,N/A,N/A,N/A,FAILED
157.20.98.74:1111,N/A,N/A,N/A,N/A,FAILED
141.11.241.127:8080,N/A,N/A,N/A,N/A,FAILED
45.119.55.157:3128,N/A,N/A,N/A,N/A,FAILED
190.95.132.189:999,N/A,N/A,N/A,N/A,FAILED
196.251.222.233:8083,N/A,N/A,N/A,N/A,FAILED
103.126.87.144:8081,N/A,N/A,N/A,N/A,FAILED
222.67.8.254:1080,N/A,N/A,N/A,N/A,FAILED
103.171.245.165:1080,N/A,N/A,N/A,N/A,FAILED
38.137.252.7:999,N/A,N/A,N/A,N/A,FAILED
172.232.121.132:8080,N/A,N/A,N/A,N/A,FAILED
202.136.89.142:27503,N/A,N/A,N/A,N/A,FAILED
118.113.245.112:2324,N/A,N/A,N/A,N/A,FAILED
114.91.25.59:1080,N/A,N/A,N/A,N/A,FAILED
111.72.198.12:2324,N/A,N/A,N/A,N/A,FAILED
182.204.181.77:1080,N/A,N/A,N/A,N/A,FAILED
196.204.83.228:1976,N/A,N/A,N/A,N/A,FAILED
222.68.40.59:2324,N/A,N/A,N/A,N/A,FAILED
190.60.44.234:999,N/A,N/A,N/A,N/A,FAILED
36.90.25.181:8080,N/A,N/A,N/A,N/A,FAILED
180.74.171.206:8080,N/A,N/A,N/A,N/A,FAILED
103.134.222.186:8080,N/A,N/A,N/A,N/A,FAILED
103.235.152.170:57413,N/A,N/A,N/A,N/A,FAILED
222.70.146.212:1080,N/A,N/A,N/A,N/A,FAILED
203.161.30.139:8070,N/A,N/A,N/A,N/A,FAILED
222.67.12.40:1080,N/A,N/A,N/A,N/A,FAILED
103.243.177.129:8080,N/A,N/A,N/A,N/A,FAILED
222.68.39.0:2324,N/A,N/A,N/A,N/A,FAILED
222.68.38.14:1080,N/A,N/A,N/A,N/A,FAILED
209.97.163.81:8888,N/A,N/A,N/A,N/A,FAILED
222.67.12.185:1080,N/A,N/A,N/A,N/A,FAILED
114.91.24.229:1080,N/A,N/A,N/A,N/A,FAILED
5.10.248.107:80,N/A,N/A,N/A,N/A,FAILED
45.70.236.194:999,N/A,N/A,N/A,N/A,FAILED
141.136.56.104:999,N/A,N/A,N/A,N/A,FAILED
43.249.143.166:8080,N/A,N/A,N/A,N/A,FAILED
103.145.132.16:8080,N/A,N/A,N/A,N/A,FAILED
94.249.220.135:49200,N/A,N/A,N/A,N/A,FAILED
222.67.8.128:1080,N/A,N/A,N/A,N/A,FAILED
103.67.84.146:8080,N/A,N/A,N/A,N/A,FAILED
103.149.238.106:8080,N/A,N/A,N/A,N/A,FAILED
186.148.31.19:999,N/A,N/A,N/A,N/A,FAILED
103.160.41.65:8080,N/A,N/A,N/A,N/A,FAILED
103.154.25.126:8080,N/A,N/A,N/A,N/A,FAILED
222.67.15.76:1080,N/A,N/A,N/A,N/A,FAILED
222.67.8.205:1080,N/A,N/A,N/A,N/A,FAILED
157.66.16.42:8070,N/A,N/A,N/A,N/A,FAILED
222.68.38.82:2324,N/A,N/A,N/A,N/A,FAILED
222.68.37.46:2324,N/A,N/A,N/A,N/A,FAILED
117.3.64.126:10001,N/A,N/A,N/A,N/A,FAILED
172.235.29.87:8080,N/A,N/A,N/A,N/A,FAILED
27.147.175.115:8080,N/A,N/A,N/A,N/A,FAILED
103.190.60.28:9090,N/A,N/A,N/A,N/A,FAILED
114.91.25.83:1080,N/A,N/A,N/A,N/A,FAILED
103.148.130.6:8080,N/A,N/A,N/A,N/A,FAILED
61.174.243.28:10916,N/A,N/A,N/A,N/A,FAILED
182.204.179.34:1080,N/A,N/A,N/A,N/A,FAILED
102.222.62.111:8080,N/A,N/A,N/A,N/A,FAILED
203.111.253.103:8080,N/A,N/A,N/A,N/A,FAILED
102.213.241.70:8080,N/A,N/A,N/A,N/A,FAILED
36.77.217.161:8081,N/A,N/A,N/A,N/A,FAILED
188.132.150.37:8080,N/A,N/A,N/A,N/A,FAILED
182.204.180.146:1080,N/A,N/A,N/A,N/A,FAILED
154.73.29.129:8080,N/A,N/A,N/A,N/A,FAILED
111.72.194.201:2324,N/A,N/A,N/A,N/A,FAILED
45.86.6.137:8080,N/A,N/A,N/A,N/A,FAILED
179.107.159.103:8080,N/A,N/A,N/A,N/A,FAILED
103.48.70.81:83,N/A,N/A,N/A,N/A,FAILED
222.70.145.9:1080,N/A,N/A,N/A,N/A,FAILED
222.68.37.254:2324,N/A,N/A,N/A,N/A,FAILED
222.68.38.115:1080,N/A,N/A,N/A,N/A,FAILED
200.10.30.129:999,N/A,N/A,N/A,N/A,FAILED
103.245.205.226:6969,N/A,N/A,N/A,N/A,FAILED
69.49.228.101:3128,N/A,N/A,N/A,N/A,FAILED
182.204.182.147:1080,N/A,N/A,N/A,N/A,FAILED
103.126.87.112:3030,N/A,N/A,N/A,N/A,FAILED
41.65.236.47:1976,N/A,N/A,N/A,N/A,FAILED
222.68.42.88:1080,N/A,N/A,N/A,N/A,FAILED
222.68.41.137:2324,N/A,N/A,N/A,N/A,FAILED
154.65.39.7:80,N/A,N/A,N/A,N/A,FAILED
154.65.39.8:80,N/A,N/A,N/A,N/A,FAILED
2.179.193.146:80,N/A,N/A,N/A,N/A,FAILED
81.62.179.218:5472,N/A,N/A,N/A,N/A,FAILED
222.68.36.49:1080,N/A,N/A,N/A,N/A,FAILED
197.232.85.163:8080,N/A,N/A,N/A,N/A,FAILED
185.105.102.189:80,N/A,N/A,N/A,N/A,FAILED
103.191.115.252:82,N/A,N/A,N/A,N/A,FAILED
103.179.252.167:8181,N/A,N/A,N/A,N/A,FAILED
181.78.21.74:999,N/A,N/A,N/A,N/A,FAILED
181.78.21.38:999,N/A,N/A,N/A,N/A,FAILED
103.147.246.185:3127,N/A,N/A,N/A,N/A,FAILED
38.159.227.130:999,N/A,N/A,N/A,N/A,FAILED
222.68.36.25:1080,N/A,N/A,N/A,N/A,FAILED
161.97.136.251:3128,N/A,N/A,N/A,N/A,FAILED
148.230.195.165:6969,N/A,N/A,N/A,N/A,FAILED
103.219.75.2:8080,N/A,N/A,N/A,N/A,FAILED
115.147.63.59:8081,N/A,N/A,N/A,N/A,FAILED
36.72.23.92:8080,N/A,N/A,N/A,N/A,FAILED
103.169.255.196:6080,N/A,N/A,N/A,N/A,FAILED
103.133.26.75:8181,N/A,N/A,N/A,N/A,FAILED
119.2.48.12:9669,N/A,N/A,N/A,N/A,FAILED
160.22.22.89:3125,N/A,N/A,N/A,N/A,FAILED
36.37.224.125:8080,N/A,N/A,N/A,N/A,FAILED
2.186.114.66:8080,N/A,N/A,N/A,N/A,FAILED
111.132.16.22:3389,N/A,N/A,N/A,N/A,FAILED
216.158.246.90:51012,N/A,N/A,N/A,N/A,FAILED
41.220.138.246:8040,N/A,N/A,N/A,N/A,FAILED
38.255.23.131:999,N/A,N/A,N/A,N/A,FAILED
177.72.156.75:8080,N/A,N/A,N/A,N/A,FAILED
78.28.152.111:80,N/A,N/A,N/A,N/A,FAILED
27.79.194.186:16000,N/A,N/A,N/A,N/A,FAILED
103.158.162.18:8080,N/A,N/A,N/A,N/A,FAILED
45.115.253.30:83,N/A,N/A,N/A,N/A,FAILED
103.165.157.248:8090,N/A,N/A,N/A,N/A,FAILED
58.187.175.215:16000,N/A,N/A,N/A,N/A,FAILED
27.79.248.34:16000,N/A,N/A,N/A,N/A,FAILED
103.162.54.203:8080,N/A,N/A,N/A,N/A,FAILED
186.26.92.180:58339,N/A,N/A,N/A,N/A,FAILED
103.247.23.181:1111,N/A,N/A,N/A,N/A,FAILED
27.79.164.240:16000,N/A,N/A,N/A,N/A,FAILED
41.40.175.222:8080,N/A,N/A,N/A,N/A,FAILED
27.79.239.226:16000,N/A,N/A,N/A,N/A,FAILED
27.79.156.251:16000,N/A,N/A,N/A,N/A,FAILED
